filename,label,timestamp_iso,saved_path,confidence,source
unknown_20260311_131652_283348.jpg,unknown,2026-03-11T13:16:52.292153,captured_faces/unknown/unknown/unknown_20260311_131652_283348.jpg,0.6698135733604431,stream
unknown_20260311_131655_906233.jpg,unknown,2026-03-11T13:16:55.912756,captured_faces/unknown/unknown/unknown_20260311_131655_906233.jpg,0.8093838691711426,stream
unknown_20260311_131702_282724.jpg,unknown,2026-03-11T13:17:02.291665,captured_faces/unknown/unknown/unknown_20260311_131702_282724.jpg,0.7459514141082764,stream
unknown_20260311_135431_808942.jpg,unknown,2026-03-11T13:54:31.824415,captured_faces/unknown/unknown/unknown_20260311_135431_808942.jpg,0.8264286518096924,stream
unknown_20260311_135444_265078.jpg,unknown,2026-03-11T13:54:44.278659,captured_faces/unknown/unknown/unknown_20260311_135444_265078.jpg,0.8319804668426514,stream
unknown_20260311_135445_685553.jpg,unknown,2026-03-11T13:54:45.698255,captured_faces/unknown/unknown/unknown_20260311_135445_685553.jpg,0.8374457359313965,stream
unknown_20260311_135514_492329.jpg,unknown,2026-03-11T13:55:14.507593,captured_faces/unknown/unknown/unknown_20260311_135514_492329.jpg,0.8696602582931519,stream
unknown_20260311_135546_553725.jpg,unknown,2026-03-11T13:55:46.560353,captured_faces/unknown/unknown/unknown_20260311_135546_553725.jpg,0.7810201644897461,stream
unknown_20260311_135547_005817.jpg,unknown,2026-03-11T13:55:47.012369,captured_faces/unknown/unknown/unknown_20260311_135547_005817.jpg,0.8205786347389221,stream
unknown_20260311_135921_972928.jpg,unknown,2026-03-11T13:59:21.983228,captured_faces/unknown/reception_area/unknown_20260311_135921_972928.jpg,0.6046916842460632,stream
unknown_20260311_135933_071242.jpg,unknown,2026-03-11T13:59:33.079420,captured_faces/unknown/reception_area/unknown_20260311_135933_071242.jpg,0.6691029071807861,stream
unknown_20260311_140020_234068.jpg,unknown,2026-03-11T14:00:20.249651,captured_faces/unknown/reception_area/unknown_20260311_140020_234068.jpg,0.8210399746894836,stream
unknown_20260311_141728_184838.jpg,unknown,2026-03-11T14:17:28.195867,captured_faces/unknown/unknown/unknown_20260311_141728_184838.jpg,0.7226477265357971,stream
unknown_20260311_141729_698909.jpg,unknown,2026-03-11T14:17:29.708857,captured_faces/unknown/unknown/unknown_20260311_141729_698909.jpg,0.673137903213501,stream
unknown_20260311_141731_279632.jpg,unknown,2026-03-11T14:17:31.287887,captured_faces/unknown/unknown/unknown_20260311_141731_279632.jpg,0.7115693688392639,stream
unknown_20260311_141735_370011.jpg,unknown,2026-03-11T14:17:35.377788,captured_faces/unknown/unknown/unknown_20260311_141735_370011.jpg,0.7304516434669495,stream
unknown_20260311_141741_933207.jpg,unknown,2026-03-11T14:17:41.939579,captured_faces/unknown/unknown/unknown_20260311_141741_933207.jpg,0.7805575132369995,stream
unknown_20260311_141744_080872.jpg,unknown,2026-03-11T14:17:44.089698,captured_faces/unknown/unknown/unknown_20260311_141744_080872.jpg,0.7787144184112549,stream
unknown_20260311_142038_612513.jpg,unknown,2026-03-11T14:20:38.618615,captured_faces/unknown/unknown/unknown_20260311_142038_612513.jpg,0.7747541666030884,stream
unknown_20260311_142040_743437.jpg,unknown,2026-03-11T14:20:40.752835,captured_faces/unknown/unknown/unknown_20260311_142040_743437.jpg,0.8131215572357178,stream
unknown_20260311_142112_081729.jpg,unknown,2026-03-11T14:21:12.089005,captured_faces/unknown/unknown/unknown_20260311_142112_081729.jpg,0.6560999155044556,stream
unknown_20260311_142113_267427.jpg,unknown,2026-03-11T14:21:13.276189,captured_faces/unknown/unknown/unknown_20260311_142113_267427.jpg,0.6461498141288757,stream
unknown_20260311_142115_582931.jpg,unknown,2026-03-11T14:21:15.588015,captured_faces/unknown/unknown/unknown_20260311_142115_582931.jpg,0.6243901252746582,stream
unknown_20260311_142116_809640.jpg,unknown,2026-03-11T14:21:16.815224,captured_faces/unknown/unknown/unknown_20260311_142116_809640.jpg,0.6436586976051331,stream
unknown_20260311_142122_216364.jpg,unknown,2026-03-11T14:21:22.222715,captured_faces/unknown/unknown/unknown_20260311_142122_216364.jpg,0.8328574895858765,stream
unknown_20260311_142122_220941.jpg,unknown,2026-03-11T14:21:22.229946,captured_faces/unknown/unknown/unknown_20260311_142122_220941.jpg,0.7426574230194092,stream
unknown_20260311_142123_953154.jpg,unknown,2026-03-11T14:21:23.956165,captured_faces/unknown/unknown/unknown_20260311_142123_953154.jpg,0.8697329759597778,stream
unknown_20260311_142125_638904.jpg,unknown,2026-03-11T14:21:25.645783,captured_faces/unknown/unknown/unknown_20260311_142125_638904.jpg,0.8794779777526855,stream
unknown_20260311_142132_489672.jpg,unknown,2026-03-11T14:21:32.496911,captured_faces/unknown/unknown/unknown_20260311_142132_489672.jpg,0.8268197774887085,stream
unknown_20260311_142134_155618.jpg,unknown,2026-03-11T14:21:34.159159,captured_faces/unknown/unknown/unknown_20260311_142134_155618.jpg,0.8505914211273193,stream
unknown_20260311_142200_303165.jpg,unknown,2026-03-11T14:22:00.915434,captured_faces/unknown/unknown/unknown_20260311_142200_303165.jpg,0.8294566869735718,stream
logesh_20260311_142205_243950.jpg,logesh,2026-03-11T14:22:06.003739,captured_faces/known/unknown/logesh/logesh_20260311_142205_243950.jpg,0.7389739155769348,stream
unknown_20260311_142230_110437.jpg,unknown,2026-03-11T14:22:30.113473,captured_faces/unknown/unknown/unknown_20260311_142230_110437.jpg,0.701838493347168,stream
unknown_20260311_142231_483983.jpg,unknown,2026-03-11T14:22:31.489024,captured_faces/unknown/unknown/unknown_20260311_142231_483983.jpg,0.7288225293159485,stream
unknown_20260311_142235_510648.jpg,unknown,2026-03-11T14:22:35.517750,captured_faces/unknown/unknown/unknown_20260311_142235_510648.jpg,0.6864479184150696,stream
unknown_20260311_142243_942799.jpg,unknown,2026-03-11T14:22:43.952473,captured_faces/unknown/unknown/unknown_20260311_142243_942799.jpg,0.7301263809204102,stream
unknown_20260311_142313_593817.jpg,unknown,2026-03-11T14:23:13.605973,captured_faces/unknown/unknown/unknown_20260311_142313_593817.jpg,0.7379627227783203,stream
unknown_20260311_143228_218018.jpg,unknown,2026-03-11T14:32:28.224724,captured_faces/unknown/unknown/unknown_20260311_143228_218018.jpg,0.7329987287521362,stream
unknown_20260311_143229_269989.jpg,unknown,2026-03-11T14:32:29.277481,captured_faces/unknown/unknown/unknown_20260311_143229_269989.jpg,0.7357293367385864,stream
unknown_20260311_143230_412931.jpg,unknown,2026-03-11T14:32:30.418512,captured_faces/unknown/unknown/unknown_20260311_143230_412931.jpg,0.7290245294570923,stream
unknown_20260311_143234_813947.jpg,unknown,2026-03-11T14:32:34.820104,captured_faces/unknown/unknown/unknown_20260311_143234_813947.jpg,0.7323895692825317,stream
unknown_20260311_143236_236693.jpg,unknown,2026-03-11T14:32:36.246728,captured_faces/unknown/unknown/unknown_20260311_143236_236693.jpg,0.7374023199081421,stream
unknown_20260311_143237_542448.jpg,unknown,2026-03-11T14:32:37.552533,captured_faces/unknown/unknown/unknown_20260311_143237_542448.jpg,0.7421480417251587,stream
unknown_20260311_143308_227696.jpg,unknown,2026-03-11T14:33:08.239577,captured_faces/unknown/unknown/unknown_20260311_143308_227696.jpg,0.7188101410865784,stream
unknown_20260311_143309_519151.jpg,unknown,2026-03-11T14:33:09.525677,captured_faces/unknown/unknown/unknown_20260311_143309_519151.jpg,0.7360367774963379,stream
unknown_20260311_143310_693938.jpg,unknown,2026-03-11T14:33:10.700855,captured_faces/unknown/unknown/unknown_20260311_143310_693938.jpg,0.7403732538223267,stream
unknown_20260311_143314_286571.jpg,unknown,2026-03-11T14:33:14.292168,captured_faces/unknown/unknown/unknown_20260311_143314_286571.jpg,0.7409299612045288,stream
unknown_20260311_143328_925063.jpg,unknown,2026-03-11T14:33:28.932215,captured_faces/unknown/unknown/unknown_20260311_143328_925063.jpg,0.7418904304504395,stream
unknown_20260311_143359_504331.jpg,unknown,2026-03-11T14:33:59.512191,captured_faces/unknown/unknown/unknown_20260311_143359_504331.jpg,0.6876698732376099,stream
unknown_20260311_143401_222116.jpg,unknown,2026-03-11T14:34:01.231539,captured_faces/unknown/unknown/unknown_20260311_143401_222116.jpg,0.6410396695137024,stream
unknown_20260311_143402_691195.jpg,unknown,2026-03-11T14:34:02.704764,captured_faces/unknown/unknown/unknown_20260311_143402_691195.jpg,0.6433178186416626,stream
unknown_20260311_143403_953150.jpg,unknown,2026-03-11T14:34:03.959248,captured_faces/unknown/unknown/unknown_20260311_143403_953150.jpg,0.6993383169174194,stream
unknown_20260311_143412_398965.jpg,unknown,2026-03-11T14:34:12.408688,captured_faces/unknown/unknown/unknown_20260311_143412_398965.jpg,0.7244085073471069,stream
unknown_20260311_143421_068036.jpg,unknown,2026-03-11T14:34:21.078050,captured_faces/unknown/unknown/unknown_20260311_143421_068036.jpg,0.7119230031967163,stream
unknown_20260311_143436_800000.jpg,unknown,2026-03-11T14:34:36.809104,captured_faces/unknown/unknown/unknown_20260311_143436_800000.jpg,0.7685954570770264,stream
unknown_20260311_143439_184705.jpg,unknown,2026-03-11T14:34:39.189438,captured_faces/unknown/unknown/unknown_20260311_143439_184705.jpg,0.7497844099998474,stream
unknown_20260311_143440_401904.jpg,unknown,2026-03-11T14:34:40.410592,captured_faces/unknown/unknown/unknown_20260311_143440_401904.jpg,0.7317841053009033,stream
unknown_20260311_143454_356413.jpg,unknown,2026-03-11T14:34:54.367819,captured_faces/unknown/unknown/unknown_20260311_143454_356413.jpg,0.7126839756965637,stream
unknown_20260311_143456_507086.jpg,unknown,2026-03-11T14:34:56.517316,captured_faces/unknown/unknown/unknown_20260311_143456_507086.jpg,0.7052450776100159,stream
logesh_20260311_143500_890564.jpg,logesh,2026-03-11T14:35:00.899742,captured_faces/known/unknown/logesh/logesh_20260311_143500_890564.jpg,0.8643941879272461,stream
unknown_20260311_143503_185676.jpg,unknown,2026-03-11T14:35:03.189621,captured_faces/unknown/unknown/unknown_20260311_143503_185676.jpg,0.7584787607192993,stream
unknown_20260311_143515_436346.jpg,unknown,2026-03-11T14:35:15.446830,captured_faces/unknown/unknown/unknown_20260311_143515_436346.jpg,0.8152334690093994,stream
unknown_20260311_143533_757656.jpg,unknown,2026-03-11T14:35:33.768961,captured_faces/unknown/unknown/unknown_20260311_143533_757656.jpg,0.8498896360397339,stream
unknown_20260311_143535_455209.jpg,unknown,2026-03-11T14:35:35.460227,captured_faces/unknown/unknown/unknown_20260311_143535_455209.jpg,0.8581718802452087,stream
unknown_20260311_143606_644994.jpg,unknown,2026-03-11T14:36:06.655134,captured_faces/unknown/unknown/unknown_20260311_143606_644994.jpg,0.7264176607131958,stream
unknown_20260311_143636_690612.jpg,unknown,2026-03-11T14:36:36.695261,captured_faces/unknown/unknown/unknown_20260311_143636_690612.jpg,0.6877138018608093,stream
unknown_20260311_143639_251389.jpg,unknown,2026-03-11T14:36:39.255429,captured_faces/unknown/unknown/unknown_20260311_143639_251389.jpg,0.7034730911254883,stream
